consecutivo,entidad_federativa_solicitante,instancia_publica_orden_federal_solicitante,nombre_proyecto,anio_autorizacion,instancia_ejecutora,tipo_proyecto,tipo_fenomeno_01,tipo_fenomeno_2,tipo_fenomeno_3,estatus,personas_beneficiadas,mujeres,hombres,poblacion_indigena,anio_finalizacion,proyecto_estrategico,recurso_fondo_preventivo_federal,recurso_coparticipacion_estatal,costo_total_mxn_peso,pagina_web_instancia_autorizada,ultima_fecha_actualizacion
1,sin dato,Comision Nacional del Agua,Sistema de Alertamiento a tiempo real para la proteccion a centros de poblacion con alto grado de riesgo en la cuenca del Rio San Fernando y ampliacion al sistema de alertamiento a tiempo real en la cuenca baja del Rio Panuco.,2013,Organismo de Cuenca Golfo Norte,Proyecto Preventivo,"Hidrometeorologico (ciclon tropical, lluvias extremas, inundaciones, bajas temperaturas, mareas de tormenta, sequias, vientos fuertes)",sin dato,sin dato,Finalizado,"616,096",SD,SD,SD,sin dato,sin dato,9320624.4,5018809.6,14339434.0,Libro blanco: http://dggr.cenapred.unam.mx/portal/datosp Proyecto: http://www.conagua.gob.mx/satrmovil/,2020
2,Quintana Roo,sin dato,"Atlas Estatal de Riesgo del Estado de Quintana Roo, Fase I: Peligro, Vulnerabilidad y Riesgo",2013,Secretaria de Finanzas y Planeacion de Quintana Roo,Proyecto Preventivo,"Geologico (tsunamis, Karstificacion y Cavidades)","hidrometeorologico (ciclon tropical, lluvias extremas e inundacion)","Incendios forestales, riesgos quimicos-tecnologicos",Finalizado,5000,SD,SD,SD,2021.0,sin dato,47962285.31,11990571.33,59952856.64,http://www.sefiplan.qroo.gob.mx/site/pagina.php?id=216,2021
3,sin dato,Universidad Autonoma de Mexico,Desarrollo de herramientas para simulacion de procesos volcanicos,2013,Instituto de Geofisica,Proyecto Preventivo Estrategico,Geologico (vulcanismo),sin dato,sin dato,Finalizado,0,SD,SD,SD,2021.0,SI,5102522.6,0.0,5102522.6,Libro blanco: http://dggr.cenapred.unam.mx/portal/datosp,2021
4,sin dato,Universidad Autonoma de Mexico,Desarrollo de una red de monitoreo de gases del volcan Popocatepetl,2013,Instituto de Geofisica,Proyecto Preventivo Estrategico,Geologico (vulcanismo),sin dato,sin dato,Finalizado,0,SD,SD,SD,2022.0,SI,20591100.0,0.0,20591100.0,Libro blanco: http://dggr.cenapred.unam.mx/portal/datosp,2022
5,sin dato,Universidad Autonoma de Mexico,Estudios geologicos y actualizacion del mapa de peligros del volcan Popocatepetl,2013,Instituto de Geofisica,Proyecto Preventivo Estrategico,Geologico (vulcanismo),sin dato,sin dato,Finalizado,0,SD,SD,SD,2021.0,SI,7431162.2,0.0,7431162.2,Libro blanco: http://dggr.cenapred.unam.mx/portal/datosp,2021
6,Chiapas,sin dato,Sistema de Multi Alerta y Comunicacion Masiva para el Estado de Chiapas,2014,Subsecretaria de Proteccion Civil en Chiapas,Proyecto Preventivo,"Geologico (sismo, inestabilidad de laderas)","Hidrometeorologico (ciclon tropical, lluvias extremas, inundacion y bajas temperaturas)",Incendios forestales,En ejecucion,"2,000,000",SD,SD,SD,sin dato,sin dato,23994867.75,7305507.61,31300375.36,https://proteccioncivil.chiapas.gob.mx/sistema-multi-alerta-comunicacion-masiva-para-el-estado-de-chiapas,2025
7,Sinaloa,sin dato,"Atlas de Riesgos, Nivel de Peligros y Levantamiento LIDAR del Estado de Sinaloa. Primera Etapa.",2014,Instituto Estatal de Proteccion Civil en Sinaloa,Proyecto Preventivo,"Geologico (sismo, inestabilidad de laderas y tsunamis)","Hidrometeorologico (ciclon tropical, tormentas severas, inundaciones, vientos, temperaturas extremas)",Riesgo quimico-tecnologicos,Desistimiento,0,SD,SD,SD,sin dato,sin dato,0.0,13151913.42,0.0,No aplica,2017
8,Ciudad de Mexico,sin dato,Desarrollo del Sistema integrador del Atlas de Peligros y Riesgo de la Ciudad de Mexico,2015,Secretaria de Gestion Integral de Riesgos y Proteccion Civil,Proyecto Preventivo,"Geologico (sismo, vulcanismo, hundimiento, subsidencia, agrietamiento, inestabilidad de laderas y licuacion de arenas)","Hidrometeorologico (lluvias extremas, nevada, granizada atipica, inundacion, tornado, sequia, bajas temperaturas, vientos fuertes y erosion)",Quimico-tecnologicos,Finalizado,"8,000,000",SD,SD,SD,2021.0,sin dato,19435000.0,10465000.0,29900000.0,https://www.proteccioncivil.cdmx.gob.mx/programas/programa/proyecto-fopreden,2021
9,sin dato,Coordinacion Nacional de Proteccion Civil,"Elaboracion de escenarios de peligros por inundaciones y deslizamiento de laderas, mediante informacion obtenida por vehiculos aereos no tripulados-drones (VANT)",2015,Centro Nacional de Prevencion de Desastres,Proyecto Preventivo Estrategico,Geologico (deslizamiento de laderas),hidrometeorologico (inundacion),sin dato,Finalizado,"1,110,705","582,593","528,112",SD,2025.0,SI,3587180.14,0.0,1328780.0,https://www.cenapred.unam.mx/es/ProyectosFopredenCenapred/,2025
10,sin dato,Coordinacion Nacional de Proteccion Civil,Desarrollo de modulos para el calculo y analisis de vulnerabilidad y riesgos en el Atlas Nacional de Riesgos.,2015,Centro Nacional de Prevencion de Desastres,Proyecto Preventivo Estrategico,"Geologico (sismo, vulcanismo, hundimiento, subsidencia, agrietamiento, inestabilidad de laderas y licuacion de arenas)","hidrometeorologico (ciclon tropical, lluvias extremas, nevada, granizada atipica, inundacion, tornado, sequia, bajas temperaturas, altas temperaturas, vientos fuertes y erosion)",sin dato,Finalizado,"126,014,024","64,540,634","61,473,390",SD,2025.0,SI,1988450.0,0.0,0.0,https://www.cenapred.unam.mx/es/ProyectosFopredenCenapred/,2025
11,sin dato,Centro Nacional de Prevencion de Desastres,Implementacion de una nueva red de estaciones sismicas de banda ancha para registro de actividad sismica y estudio del volcan Citlaltepetl.,2018,Centro Nacional de Prevencion de Desastres,Subcuenta de Investigacion para la Prevencion,sin dato,sin dato,sin dato,Cancelado,0,SD,SD,SD,sin dato,sin dato,0.0,0.0,0.0,https://www.cenapred.unam.mx/es/ProyectosFopredenCenapred/,2020
12,sin dato,Centro Nacional de Prevencion de Desastres,Adecuaciones para la integracion de la red de observacion sismica del CENAPRED (estaciones Ciudad de Mexico) al modelo de estimacion de intensidades sismicas de la UNAM.,2018,Centro Nacional de Prevencion de Desastres,Subcuenta de Investigacion para la Prevencion,sin dato,sin dato,sin dato,Cancelado,0,SD,SD,SD,sin dato,sin dato,0.0,0.0,0.0,https://www.cenapred.unam.mx/es/ProyectosFopredenCenapred/,2020
13,sin dato,Centro Nacional de Prevencion de Desastres,Analisis de riesgos por manejo de sustancias peligrosas en vias ferreas.,2018,Centro Nacional de Prevencion de Desastres,Subcuenta de Investigacion para la Prevencion,sin dato,sin dato,sin dato,Cancelado,0,SD,SD,SD,sin dato,sin dato,0.0,0.0,0.0,https://www.cenapred.unam.mx/es/ProyectosFopredenCenapred/,2020
14,sin dato,Centro Nacional de Prevencion de Desastres,Desarrollo de un modelo abierto para el calculo probabilistico del Riesgo en Mexico.,2018,Centro Nacional de Prevencion de Desastres,Subcuenta de Investigacion para la Prevencion,sin dato,sin dato,sin dato,Cancelado,0,SD,SD,SD,sin dato,sin dato,0.0,0.0,0.0,https://www.cenapred.unam.mx/es/ProyectosFopredenCenapred/,2020
15,sin dato,Centro Nacional de Prevencion de Desastres,Geovisualizacion del Riesgo (Realidad Virtual).,2018,Centro Nacional de Prevencion de Desastres,Subcuenta de Investigacion para la Prevencion,sin dato,sin dato,sin dato,Cancelado,0,SD,SD,SD,sin dato,sin dato,0.0,0.0,0.0,https://www.cenapred.unam.mx/es/ProyectosFopredenCenapred/,2020
16,sin dato,Centro Nacional de Prevencion de Desastres,Modelos Estrategicos de contenidos para el fortalecimiento de la formacion y resiliencia en municipios de media y alta marginacion que presentan frecuencia de fenomenos hidrometeorologicos.,2018,Centro Nacional de Prevencion de Desastres,Subcuenta de Investigacion para la Prevencion,sin dato,sin dato,sin dato,Cancelado,0,SD,SD,SD,sin dato,sin dato,0.0,0.0,0.0,https://www.cenapred.unam.mx/es/ProyectosFopredenCenapred/,2020
17,sin dato,Centro Nacional de Prevencion de Desastres,"Estudio Paleosismologico y de Sismologia Observacional del sismo de Ameca de 1567/68, en la zona occidental de la Faja Volcanica Trans-Mexicana y sus repercusiones para la determinacion del riesgo sismico de la region Jalisco-Colima..",2018,Centro Nacional de Prevencion de Desastres,Subcuenta de Investigacion para la Prevencion,sin dato,sin dato,sin dato,Cancelado,0,SD,SD,SD,sin dato,sin dato,0.0,0.0,0.0,https://www.cenapred.unam.mx/es/ProyectosFopredenCenapred/,2020
18,sin dato,Centro Nacional de Prevencion de Desastres,Vulnerabilidad de estructuras de puentes en zonas de gran influencia de ciclones tropicales – Golfo de Mexico,2018,Centro Nacional de Prevencion de Desastres,Subcuenta de Investigacion para la Prevencion,sin dato,sin dato,sin dato,Cancelado,0,SD,SD,SD,sin dato,sin dato,0.0,0.0,0.0,https://www.cenapred.unam.mx/es/ProyectosFopredenCenapred/,2020
19,sin dato,Centro Nacional de Prevencion de Desastres,Resiliencia a traves de la memoria historica de municipios con declaratoria de emergencia o desastre durante el 2017.,2018,Centro Nacional de Prevencion de Desastres,Subcuenta de Investigacion para la Prevencion,sin dato,sin dato,sin dato,Cancelado,0,SD,SD,SD,sin dato,sin dato,0.0,0.0,0.0,https://www.cenapred.unam.mx/es/ProyectosFopredenCenapred/,2020
20,sin dato,Coordinacion Nacional de Proteccion Civil,2da Fase Reforzamiento y Actualizacion de la Red Sismica Mexicana,2018,Instituto de Geofisica- UNAM,Proyecto Preventivo Estrategico,Geologico (vulcanismo),sin dato,sin dato,En ejecucion,"126,014,024","64,540,634","61,473,390",SD,sin dato,SI,127050000.0,0.0,127050000.0,1a Fase: https://www.cenapred.unam.mx/es/fopreden/ProyectosPreventivos/ 2a Fase: http://www.ssn.unam.mx/informe/,2025
21,sin dato,Coordinacion Nacional de Proteccion Civil,Adquisicion de infraestructura para el desarrollo de informacion para la Gestion de Riesgos,2018,Direccion General para la Gestion de Riesgos,Proyecto Preventivo Estrategico,"Geologico (sismo, vulcanismo, hundimiento, subsidencia, agrietamiento, tsunami, ola extrema, inestabilidad de laderas, licuacion de arenas)","hidrometeorologico (ciclon tropical, lluvias extremas, marea de tormenta, nevada, granizada atipica, inundacion, tornado, sequia, bajas temperaturas, vientos fuertes y erosion)",sin dato,En ejecucion,"126,014,024","64,540,634","61,473,390",SD,sin dato,SI,15544217.97,0.0,15544217.97,http://dggr.cenapred.unam.mx/portal/datosp,2025
22,sin dato,Coordinacion Nacional de Proteccion Civil,"Fortalecimiento de la Informacion del Sistema de Alerta Sismica Mexicano, Mediante Aplicativos de Alta Difusion.",2018,Centro Nacional de Prevencion de Desastres,Proyecto Preventivo Estrategico,Geologico (sismo),sin dato,sin dato,Finalizado,SD,SD,SD,SD,2020.0,SI,75000000.0,0.0,75000000.0,https://www.cenapred.unam.mx/es/fopreden/ProyectosPreventivos/,2020
23,sin dato,Coordinacion Nacional de Proteccion Civil,Observaciones y Correlación de Variables Geodesicas y Geoquimicas para el Volcan Popocatepetl.,2019,Centro Nacional de Prevencion de Desastres,Proyecto Preventivo Estrategico,Geologico (vulcanismo),sin dato,"409,607",En ejecucion,"39,607,741","23,146,510","16,461,231",SD,sin dato,SI,20188000.0,0.0,20188000.0,https://www.cenapred.unam.mx/es/fopreden/ProyectosPreventivos/,2025
24,sin dato,Coordinacion Nacional de Proteccion Civil,"Fortalecimiento de la Red Mareografica de la Secretaria de Marina, que contribuye al cumplimiento de los objetivos fundamentales del Sistema Nacional de Alertas de Tsunamis (SINAT)",2020,Secretaria de Marina,Proyecto Preventivo Estrategico,Geologico (tsunami),sin dato,sin dato,Finalizado,"52,643,917","27,113,432","25,530,485",SD,sin dato,SI,27047905.13,0.0,27047905.13,https://digaohm.semar.gob.mx/oceanografia/fondopreventivo.html,2025
25,sin dato,Coordinacion Nacional de Proteccion Civil,Fortalecimiento de la infraestructura tecnologica del Sistema de Alerta Sismica Mexicano “SASMEX”,2022,Centro Nacional de Prevencion de Desastres,Proyecto Preventivo B Estrategico Inmediato,Geologico (sismo),sin dato,sin dato,Finalizado,"25,782,782","12,377,265","13,405,517","2,093,480",2025.0,SI,64416000.0,0.0,64416000.0,https://www.cenapred.unam.mx/es/fopreden/ProyectosPreventivos/,2025
26,Yucatan,sin dato,"Actualizacion del Atlas de Peligros de Yucatan transitandolo a un Atlas de Riesgos con enfasis en los efectos de vientos fuertes, inundaciones pluviales y hundimientos",2022,Coordinacion Estatal de Proteccion Civil de Yucatan,Proyecto Preventivo A,Geologico (hundimiento),Hidrometeorologico (vientos fuertes e inundacion pluvial),sin dato,Pendiente de inicio,"2,320,898","1,180,619","1,140,279",SD,sin dato,NO,8343602.4,2085900.6,10429503.0,https://www.yucatan.gob.mx/procivy/,2025
27,sin dato,Coordinacion Nacional de Proteccion Civil,Servicio Integral de Envio Masivo de Mensajes CAP-Primera Etapa,2022,Direccion General de Proteccion Civil,Proyecto Preventivo B Estrategico Inmediato,Geologico (sismos),sin dato,sin dato,En ejecucion,"7,379,681","3,865,050","3,514,631",SD,sin dato,SI,65772000.0,0.0,65772000.0,http://www.preparados.gob.mx/proyectos/,2025
28,sin dato,"Secretaria de Infraestructura, Comunicaciones y Transportes","Reduccion de la vulnerabilidad fisica en la cara norte del terraplen de acceso a la Carretera Playas de Tijuana-Ensenada, en el Estado de Baja California",2023,"Secretaria de Infraestructura, Comunicaciones y Transportes",Proyecto Preventivo B Estrategico Inmediato,Geologico (movimiento de ladera),Hidrometeorologico (Lluvia severa),sin dato,Finalizado,"533,372","264,686","268,686",SD,2025.0,SI,75000000.0,0.0,54083976.79,http://www.sct.gob.mx/carreteras/direccion-general-de-carreteras,2025
29,sin dato,Secretaria de Marina,Utilizacion de Vehiculos Aereos No Tripulados (VANT) para la actualizacion de la fase de prevencion del Plan Marina,2023,Secretaria de Marina,Proyecto Preventivo B Estrategico,Hidrometereologico (Tormenta tropical o Huracan en cualquiera de sus categorias),sin dato,sin dato,Finalizado,"12,918,415","6,688,503","6,229,912",SD,2025.0,SI,13159530.37,0.0,13159530.37,https://www.gob.mx/semar/documentos/unidad-naval-de-proteccion-civil-proyecto-fopreden,2025
30,Campeche,sin dato,Actualizacion del Atlas de Riesgos Naturales del Estado de Campeche- Prmera Fase,2023,Secretaria de Proteccion Civil del Poder Ejectuivo del Estado de Campeche (SEPROCI),Proyecto Preventivo A,sin dato,"Hidrometereologico (inundaciones fluviales y pluviales, Marea de tormenta, Vientos fuertes, Onda de Calor)",sin dato,En ejecucion,"928,363","471,424","456,939",SD,sin dato,sin dato,10665668.57,2666417.14,13332085.71,https://seproci.campeche.gob.mx/dictamines-de-riesgos/,2025
30,sin dato,Centro Nacional de Prevencion de Desastres,"Estudio hidrologico e hidraulico de las ciudades de Zacatecas y Guadalupe, para la determinacion del peligro por inundaciones pluviales y fluviales asociadas a lluvia severa",2024,Centro Nacional de Prevencion de Desastres,Proyecto Preventivo C de Investigacion,"hidrometeorologico (lluvia severa, inundacion fluvial y pluvial)",sin dato,sin dato,En ejecucion,"409,607","102,482","109,258",SD,sin dato,NO,7181843.04,0.0,7181843.04,https://www.cenapred.unam.mx/es/fopreden/ProyectosPreventivos/,2025
31,sin dato,"Secretaria de Desarrollo Agrario, Territorial y Urbano",Analisis del riesgo por movimiento de laderas en la zona Nor-poniente del municipio de Chilpancingo de los Bravo en el Estado de Guerrero,2024,"Coordinacion General de Gestion Integral de Riesgos de Desastres, SEDATU",Proyecto Preventivo C de Investigacion,Geologico (movimiento de ladera),sin dato,sin dato,En ejecucion,"23,188","12,290","10,898",SD,sin dato,NO,20784556.23,0.0,20784556.23,https://www.gob.mx/sedatu/documentos/analisis-de-riesgos-en-la-zona-norponiente-chilpancingo-gro?idiom=es,2025
32,sin dato,Coordinacion Nacional de Proteccion Civil,Fortalecimiento de las comunicaciones en la implementacion del Sistema de Comando de Incidentes,2024,Direccion General para la Gestion de Riesgos,Proyecto Preventivo B Estrategico Inmediato,hidrometeorologico (Tormenta Tropical o Huracan en cualquiera de sus categorias),sin dato,sin dato,En ejecucion,"423,094 
","211,293","211, 801",SD,sin dato,SI,24613344.0,0.0,24613344.0,http://dggr.cenapred.unam.mx/portal/datosp,2025
33,Ciudad de Mexico y Estado de Mexico,sin dato,Estudio de Modelacion Geologica para la determinacion de zonas prioritarias y poblacion expuesta al movimiento de laderas en el volcan Cerro del Chiquihuite,2024,Secretaria de Gestion Integral de Riesgos y Proteccion Civil de la Ciudad de Mexico (SGIRPC) y la Coordinacion General de Proteccion Civil y Gestion Integral del Riesgo del Estado de Mexico,Proyecto Preventivo B Estrategico Inmediato,Geologico (Movimiento de ladera),sin dato,sin dato,Pendiente de inicio,"423,094 
","211,293","211, 801",SD,sin dato,SI,28824000.0,0.0,28824000.0,http://dggr.cenapred.unam.mx/portal/datosp,2025
